model,time_beijing,throughput,cann_version,cann_innerversion,conclusion,tested_head_sha,workflow_head_sha,workflow_title,event,request_id,run_id,run_attempt,job_id,job_url,Total Requests,Failed Requests,Total Generated Tokens,Benchmark Duration,metric_log_line,cann_evidence_log_line
w8a8,2026-09-11T01:48:59+08:00,793.2474,9.1.0,V100R001C25B114,success,7e0ad39fd1f4f9c55e5743fe45784fc6447399a1,c5055c8086d56ea1b2714b0f555ba67edd05e945,Nightly-A2,workflow_dispatch,,34497670513,1,102981142060,https://github.com/vllm-project/vllm-ascend/actions/runs/34497670513/job/102981142060,180,0,270000,340373.0169 ms,1179,112
w8a8,2026-09-11T23:54:59+08:00,789.0287,9.1.0,V100R001C25B114,success,c843f75aff45050fd4958dc4f24ac7e54a472df4,c843f75aff45050fd4958dc4f24ac7e54a472df4,Nightly-A2,workflow_dispatch,,34617970118,1,103327196848,https://github.com/vllm-project/vllm-ascend/actions/runs/34617970118/job/103327196848,180,0,270000,342192.8719 ms,1173,112
w8a8,2026-09-13T01:59:38+08:00,793.5549,9.1.0,V100R001C25B114,success,d4d2957e5208c2f464d4625c05920bd29ea233cb,d4d2957e5208c2f464d4625c05920bd29ea233cb,Nightly-A2,workflow_dispatch,,34703784818,1,103596224682,https://github.com/vllm-project/vllm-ascend/actions/runs/34703784818/job/103596224682,180,0,270000,340241.0966 ms,1180,112
w8a8,2026-09-14T01:47:35+08:00,799.772,9.1.0,V100R001C25B114,success,660c4582aa580ce98edc9b681bb6ff6d03153575,660c4582aa580ce98edc9b681bb6ff6d03153575,Nightly-A2,workflow_dispatch,,34766526376,1,103764867970,https://github.com/vllm-project/vllm-ascend/actions/runs/34766526376/job/103764867970,180,0,270000,337596.2246 ms,1178,112
w8a8,2026-09-15T02:20:50+08:00,798.7114,9.1.0,V100R001C25B114,success,b88c38c938b53265c997e003b32d764c0f797dc6,26f1363f7180dfcbeac1230679976cede6010fc8,Nightly-A2,workflow_dispatch,,34867800936,1,104097055078,https://github.com/vllm-project/vllm-ascend/actions/runs/34867800936/job/104097055078,180,0,270000,338044.4899 ms,1170,112
w8a8,2026-09-16T02:44:54+08:00,795.3345,9.1.0,V100R001C25B114,success,714dd1d1ba032972e6a734254a816ca13c302da1,b49962987e89b850586f1819ce8f85daa85a0f81,Nightly-A2,workflow_dispatch,,34990518481,1,104472775829,https://github.com/vllm-project/vllm-ascend/actions/runs/34990518481/job/104472775829,180,0,270000,339479.8164 ms,1181,112
w8a8,2026-09-17T04:22:47+08:00,793.8553,9.1.0,V100R001C25B114,success,bdab8bde86aad5eba3b362f923a3ff03b2c0e772,e1d1490314eeb5baec2e77b27a9610e5358aa153,Nightly-A2,workflow_dispatch,,35140915567,1,104962193940,https://github.com/vllm-project/vllm-ascend/actions/runs/35140915567/job/104962193940,180,0,270000,340112.3608 ms,1189,112
w8a8,2026-09-18T03:24:35+08:00,811.7645,9.1.0,V100R001C11SPC001B243,success,c7ca0b676b9668535f467b78cff1274a4ddb63b2,c7ca0b676b9668535f467b78cff1274a4ddb63b2,Nightly-A2,workflow_dispatch,,35253853308,1,105348688354,https://github.com/vllm-project/vllm-ascend/actions/runs/35253853308/job/105348688354,180,0,270000,332608.7885 ms,1156,112
w8a8,2026-09-19T03:33:20+08:00,793.7787,9.1.0,V100R001C11SPC001B243,success,c8addbb24fe8fa820bb79685c116e43ba89b77e9,c8addbb24fe8fa820bb79685c116e43ba89b77e9,Nightly-A2,workflow_dispatch,,35376644941,1,105734114354,https://github.com/vllm-project/vllm-ascend/actions/runs/35376644941/job/105734114354,180,0,270000,340145.1973 ms,1160,112
w8a8,2026-09-21T06:17:50+08:00,776.6258,9.1.0,V100R001C25B114,failure,c173a64a44dec4ba97aaba6277b1dfc1562eda19,c173a64a44dec4ba97aaba6277b1dfc1562eda19,Nightly-A2 (scheduled),workflow_dispatch,,35535887772,1,106158819969,https://github.com/vllm-project/vllm-ascend/actions/runs/35535887772/job/106158819969,180,0,270000,347657.7937 ms,1169,112
w8a8,2026-09-22T02:30:34+08:00,783.7664,9.1.0,V100R001C11SPC001B243,success,baa023ada41a5b889cac6249845a688aab130892,baa023ada41a5b889cac6249845a688aab130892,Nightly-A2 (scheduled),workflow_dispatch,,35624826824,1,106451328520,https://github.com/vllm-project/vllm-ascend/actions/runs/35624826824/job/106451328520,180,0,270000,344490.3953 ms,1386,112
w8a8,2026-09-23T01:00:40+08:00,733.4899,9.2.0,V100R001C25B114,failure,baa023ada41a5b889cac6249845a688aab130892,5591facb371bdb99f59a7a0bb8d59b6c4de137dd,Nightly-A2 (scheduled),workflow_dispatch,,35745271509,2,106847569750,https://github.com/vllm-project/vllm-ascend/actions/runs/35745271509/job/106847569750,180,0,270000,368103.2214 ms,1375,112
w8a8,2026-09-23T04:00:19+08:00,792.6278,9.1.0,V100R001C11SPC001B243,success,a71b766ce6fc0a9669a412e15a5cf53f7f827093,a71b766ce6fc0a9669a412e15a5cf53f7f827093,Nightly-A2 (scheduled),workflow_dispatch,,35765724272,1,106913454027,https://github.com/vllm-project/vllm-ascend/actions/runs/35765724272/job/106913454027,180,0,270000,340639.0838 ms,1387,112
w8a8,2026-09-24T03:05:02+08:00,790.036,9.1.0,V100R001C11SPC001B243,success,ad7a731b9c0db2592bbe1f568a776207745017ed,ad7a731b9c0db2592bbe1f568a776207745017ed,Nightly-A2 (scheduled),workflow_dispatch,,35894457906,1,107336621285,https://github.com/vllm-project/vllm-ascend/actions/runs/35894457906/job/107336621285,180,0,270000,341756.5725 ms,1386,112
w8a8,2026-09-24T05:50:26+08:00,787.165,9.1.0,V100R001C11SPC001B243,success,39fef3f8fe71e71a8b7a684ae0f62b85ff18661f,39fef3f8fe71e71a8b7a684ae0f62b85ff18661f,Nightly-A2 (scheduled),workflow_dispatch,,35913876951,1,107397194238,https://github.com/vllm-project/vllm-ascend/actions/runs/35913876951/job/107397194238,180,0,270000,343003.0554 ms,1393,112
w8a8,2026-09-26T02:37:15+08:00,770.9961,9.2.0,V100R001C12SPC001B211,failure,baa023ada41a5b889cac6249845a688aab130892,2bb3f44716f3505d2723a4e5badb10211a6c5589,Nightly-A2 (scheduled),workflow_dispatch,,36156268364,1,108201226790,https://github.com/vllm-project/vllm-ascend/actions/runs/36156268364/job/108201226790,180,0,270000,350196.318 ms,1382,112
w8a8,2026-09-26T16:40:07+08:00,784.1192,9.1.0,V100R001C11SPC001B243,success,bbb5672af80b1972c301852aa505b13374fa6355,eb31db4d75622a8043703d2cbb55e9df75e70f98,Nightly-A2 (scheduled),workflow_dispatch,,36225208422,1,108372470597,https://github.com/vllm-project/vllm-ascend/actions/runs/36225208422/job/108372470597,180,0,270000,344335.3884 ms,1401,112
w8a8,2026-09-27T17:09:43+08:00,785.8546,9.1.0,V100R001C11SPC001B243,success,7e2c563f5e6ceddb5b0975753013832d356e096e,7e2c563f5e6ceddb5b0975753013832d356e096e,Nightly-A2 (scheduled),workflow_dispatch,,36302697268,1,108589310238,https://github.com/vllm-project/vllm-ascend/actions/runs/36302697268/job/108589310238,180,0,270000,343575.0085 ms,1393,112
w8a8,2026-09-28T00:47:39+08:00,785.412,9.1.0,V100R001C11SPC001B243,success,8d4409d6256d8a6729140ddcc0d1889e3f96cdd6,8d4409d6256d8a6729140ddcc0d1889e3f96cdd6,Nightly-A2 (scheduled),workflow_dispatch,,36327816101,1,108662359368,https://github.com/vllm-project/vllm-ascend/actions/runs/36327816101/job/108662359368,180,0,270000,343768.6016 ms,1405,112
w8a8,2026-09-29T02:57:33+08:00,789.1202,9.1.0,V100R001C11SPC001B243,success,b64b4d714484feaa6ca71edc99b98318fe6d2f0d,b64b4d714484feaa6ca71edc99b98318fe6d2f0d,Nightly-A2 (scheduled),workflow_dispatch,,36456246861,1,109085395854,https://github.com/vllm-project/vllm-ascend/actions/runs/36456246861/job/109085395854,180,0,270000,342153.1926 ms,1387,112
w8a8,2026-09-30T02:39:41+08:00,755.604,9.2.0,V100R001C12SPC001B220,failure,b64b4d714484feaa6ca71edc99b98318fe6d2f0d,c39b31aab404cda15ee907dff2bd75d1033ca0a7,Nightly-A2 (scheduled),workflow_dispatch,,36592566744,2,109548396973,https://github.com/vllm-project/vllm-ascend/actions/runs/36592566744/job/109548396973,180,0,270000,357330.0166 ms,1390,113
w8a8,2026-10-01T01:54:41+08:00,757.2568,9.2.0,V100R001C12SPC001B220,failure,a40b52df0ef06a6360e2e97ce9b37a8939240d3f,62e05feb3db521230c27714ad4347bd0d9d38f1a,Nightly-A2 (scheduled),workflow_dispatch,,36740620800,1,110019706766,https://github.com/vllm-project/vllm-ascend/actions/runs/36740620800/job/110019706766,180,0,270000,356550.13 ms,1391,116
w8a8,2026-10-02T01:31:57+08:00,770.0295,9.2.0,V100R001C12SPC001B220,failure,a8fcedb03d93e60efceddbfc912406f7fa491d57,02615df12c0ad44bb7401cfc5c654fe16bebb7d0,Nightly-A2 (scheduled),workflow_dispatch,,36886694823,1,110496384097,https://github.com/vllm-project/vllm-ascend/actions/runs/36886694823/job/110496384097,180,0,270000,350635.919 ms,1397,116
w8a8,2026-10-03T01:35:39+08:00,722.166,9.2.0,V100R001C12SPC001B220,failure,02615df12c0ad44bb7401cfc5c654fe16bebb7d0,4ebb3090fc3c13c26557dcaae353882e70246649,Nightly-A2 (scheduled),workflow_dispatch,,37029162302,1,110952969797,https://github.com/vllm-project/vllm-ascend/actions/runs/37029162302/job/110952969797,180,0,270000,373875.2336 ms,1401,116
w8a8,2026-10-04T15:07:01+08:00,762.1402,9.2.0,V100R001C25B114,failure,4ebb3090fc3c13c26557dcaae353882e70246649,f6992d8c4657d02ae75b7d4b92bf450f9f3dbeba,Nightly-A2 (scheduled),workflow_dispatch,,37179121001,1,111383999192,https://github.com/vllm-project/vllm-ascend/actions/runs/37179121001/job/111383999192,180,0,270000,354265.5249 ms,1388,116
w8a8,2026-10-05T00:38:22+08:00,765.4462,9.2.0,V100R001C25B114,failure,9b8fc5d728e1ea54dc277562b296112d905e15c1,7df96048756856e4d30f29618129e9942ba6985c,Nightly-A2 (scheduled),workflow_dispatch,,37214166426,1,111480582321,https://github.com/vllm-project/vllm-ascend/actions/runs/37214166426/job/111480582321,180,0,270000,352735.4259 ms,1390,116
w8a8,2026-10-05T13:14:32+08:00,760.5895,9.2.0,V100R001C25B114,failure,9b8fc5d728e1ea54dc277562b296112d905e15c1,7df96048756856e4d30f29618129e9942ba6985c,Nightly-A2 (scheduled),workflow_dispatch,,37214166426,2,111625406120,https://github.com/vllm-project/vllm-ascend/actions/runs/37214166426/job/111625406120,180,0,270000,354987.7945 ms,1399,116
w8a8,2026-10-06T12:48:30+08:00,773.3767,9.2.0,V100R001C25B114,failure,7c67bcce3bf750c5c762221e321976d26c551b49,4e19cc765510abfa1dd485b2aa72ff83d0945cf8,Nightly-A2 (scheduled),workflow_dispatch,,37335331287,3,112112680085,https://github.com/vllm-project/vllm-ascend/actions/runs/37335331287/job/112112680085,180,0,270000,349118.3596 ms,1389,116
w8a8,2026-10-07T01:53:38+08:00,764.0632,9.2.0,V100R001C25B114,failure,acdd1baf9140cb0277ab929ae30a1a181e32427d,437c06e1cf31228d51fcb1e2f3ac9e5f6c4074fe,Nightly-A2 (scheduled),workflow_dispatch,,37490119275,1,112407946995,https://github.com/vllm-project/vllm-ascend/actions/runs/37490119275/job/112407946995,180,0,270000,353373.9133 ms,1392,116
w8a8,2026-10-08T01:42:56+08:00,766.8981,9.2.0,V100R001C25B114,failure,fe85f2bc4a652a0323b53c7cc4a22376f5c9d65e,0e181fc85fff24db10e5f92f10319c1913e6e9c5,Nightly-A2 (scheduled),workflow_dispatch,,37646474685,2,112928617938,https://github.com/vllm-project/vllm-ascend/actions/runs/37646474685/job/112928617938,180,0,270000,352067.6362 ms,1403,116
w8a8,2026-10-09T02:25:22+08:00,771.2839,9.2.0,V100R001C25B114,failure,a50eb57f19974bcaeb10aedc074f24ba5dec98e6,6fd763c2844f22c7355e5442a4f2e64c8e68e6d2,Nightly-A2 (scheduled),workflow_dispatch,,37803306965,1,113449976574,https://github.com/vllm-project/vllm-ascend/actions/runs/37803306965/job/113449976574,180,0,270000,350065.6299 ms,1393,116
