time_beijing,throughput,cann_version,cann_innerversion,conclusion,tested_head_sha,workflow_head_sha,head_sha,event,pr_number,pr_url,run_id,run_attempt,job_id,job_url,runner_name,Total Requests,Success Requests,Failed Requests,Benchmark Duration,Total Generated Tokens,metric_log_line,cann_evidence_log_line,requested_cann_tag,cann_tag_matches_installed
2026-09-08T20:18:58+08:00,803.4938,9.1.0,V100R001C25B114,success,17a2b63e3b3f644f7b5b079fe0b88b5bf9565423,8ac532e62c9953203b10a66624acd85e06f93937,8ac532e62c9953203b10a66624acd85e06f93937,workflow_dispatch,,,34224770167,1,102057924869,https://github.com/vllm-project/vllm-ascend/actions/runs/34224770167/job/102057924869,linux-aarch64-a2b3-4-2h6bk-runner-5swwr,180,180,0,336032.4433 ms,270000,20293,111,9.1.0_20260731131545,True
2026-09-09T10:33:48+08:00,800.712,9.1.0,V100R001C25B114,success,7f2dfddf5ff91ef2a3c759f2c5d5f35e4d3b2316,f8481287a07cd7c407a3142f5d4188d71d964467,f8481287a07cd7c407a3142f5d4188d71d964467,workflow_dispatch,,,34303330149,1,102315760633,https://github.com/vllm-project/vllm-ascend/actions/runs/34303330149/job/102315760633,linux-aarch64-a2b3-4-2h6bk-runner-k27pq,180,180,0,337199.9061 ms,270000,20720,111,9.1.0_20260731131545,True
2026-09-09T10:35:34+08:00,796.4301,9.1.0,V100R001C25B114,success,7f2dfddf5ff91ef2a3c759f2c5d5f35e4d3b2316,f8481287a07cd7c407a3142f5d4188d71d964467,f8481287a07cd7c407a3142f5d4188d71d964467,workflow_dispatch,,,34303456698,1,102316151466,https://github.com/vllm-project/vllm-ascend/actions/runs/34303456698/job/102316151466,linux-aarch64-a2b3-4-2h6bk-runner-jm799,180,180,0,339012.7976 ms,270000,20720,111,9.1.0_20260731131545,True
2026-09-11T01:48:59+08:00,793.2474,9.1.0,V100R001C25B114,success,7e0ad39fd1f4f9c55e5743fe45784fc6447399a1,c5055c8086d56ea1b2714b0f555ba67edd05e945,c5055c8086d56ea1b2714b0f555ba67edd05e945,workflow_dispatch,,,34497670513,1,102981142060,https://github.com/vllm-project/vllm-ascend/actions/runs/34497670513/job/102981142060,linux-aarch64-a2b3-4-2h6bk-runner-mqcqh,180,180,0,340373.0169 ms,270000,1179,112,9.1.0_20260731131545,True
2026-09-11T23:54:59+08:00,789.0287,9.1.0,V100R001C25B114,success,c843f75aff45050fd4958dc4f24ac7e54a472df4,c843f75aff45050fd4958dc4f24ac7e54a472df4,c843f75aff45050fd4958dc4f24ac7e54a472df4,workflow_dispatch,,,34617970118,1,103327196848,https://github.com/vllm-project/vllm-ascend/actions/runs/34617970118/job/103327196848,linux-aarch64-a2b3-4-2h6bk-runner-xkr8f,180,180,0,342192.8719 ms,270000,1173,112,9.1.0_20260731131545,True
2026-09-13T01:59:38+08:00,793.5549,9.1.0,V100R001C25B114,success,d4d2957e5208c2f464d4625c05920bd29ea233cb,d4d2957e5208c2f464d4625c05920bd29ea233cb,d4d2957e5208c2f464d4625c05920bd29ea233cb,workflow_dispatch,,,34703784818,1,103596224682,https://github.com/vllm-project/vllm-ascend/actions/runs/34703784818/job/103596224682,linux-aarch64-a2b3-4-2h6bk-runner-zh4zs,180,180,0,340241.0966 ms,270000,1180,112,9.1.0_20260731131545,True
2026-09-14T01:47:35+08:00,799.772,9.1.0,V100R001C25B114,success,660c4582aa580ce98edc9b681bb6ff6d03153575,660c4582aa580ce98edc9b681bb6ff6d03153575,660c4582aa580ce98edc9b681bb6ff6d03153575,workflow_dispatch,,,34766526376,1,103764867970,https://github.com/vllm-project/vllm-ascend/actions/runs/34766526376/job/103764867970,linux-aarch64-a2b3-4-2h6bk-runner-dndbq,180,180,0,337596.2246 ms,270000,1178,112,9.1.0_20260731131545,True
2026-09-15T02:20:50+08:00,798.7114,9.1.0,V100R001C25B114,success,b88c38c938b53265c997e003b32d764c0f797dc6,26f1363f7180dfcbeac1230679976cede6010fc8,26f1363f7180dfcbeac1230679976cede6010fc8,workflow_dispatch,,,34867800936,1,104097055078,https://github.com/vllm-project/vllm-ascend/actions/runs/34867800936/job/104097055078,linux-aarch64-a2b3-4-2h6bk-runner-79p4p,180,180,0,338044.4899 ms,270000,1170,112,9.1.0_20260731131545,True
2026-09-16T02:44:54+08:00,795.3345,9.1.0,V100R001C25B114,success,714dd1d1ba032972e6a734254a816ca13c302da1,b49962987e89b850586f1819ce8f85daa85a0f81,b49962987e89b850586f1819ce8f85daa85a0f81,workflow_dispatch,,,34990518481,1,104472775829,https://github.com/vllm-project/vllm-ascend/actions/runs/34990518481/job/104472775829,linux-aarch64-a2b3-4-2h6bk-runner-sjdrr,180,180,0,339479.8164 ms,270000,1181,112,9.1.0_20260731131545,True
2026-09-17T04:22:47+08:00,793.8553,9.1.0,V100R001C25B114,success,bdab8bde86aad5eba3b362f923a3ff03b2c0e772,e1d1490314eeb5baec2e77b27a9610e5358aa153,e1d1490314eeb5baec2e77b27a9610e5358aa153,workflow_dispatch,,,35140915567,1,104962193940,https://github.com/vllm-project/vllm-ascend/actions/runs/35140915567/job/104962193940,linux-aarch64-a2b3-4-2h6bk-runner-gcjbl,180,180,0,340112.3608 ms,270000,1189,112,9.1.0_20260731131545,True
2026-09-18T03:24:35+08:00,811.7645,9.1.0,V100R001C11SPC001B243,success,c7ca0b676b9668535f467b78cff1274a4ddb63b2,c7ca0b676b9668535f467b78cff1274a4ddb63b2,c7ca0b676b9668535f467b78cff1274a4ddb63b2,workflow_dispatch,,,35253853308,1,105348688354,https://github.com/vllm-project/vllm-ascend/actions/runs/35253853308/job/105348688354,linux-aarch64-a2b3-4-2h6bk-runner-wvftf,180,180,0,332608.7885 ms,270000,1156,112,9.1.0_20260731131545,True
2026-09-19T03:33:20+08:00,793.7787,9.1.0,V100R001C11SPC001B243,success,c8addbb24fe8fa820bb79685c116e43ba89b77e9,c8addbb24fe8fa820bb79685c116e43ba89b77e9,c8addbb24fe8fa820bb79685c116e43ba89b77e9,workflow_dispatch,,,35376644941,1,105734114354,https://github.com/vllm-project/vllm-ascend/actions/runs/35376644941/job/105734114354,linux-aarch64-a2b3-4-2h6bk-runner-bt24b,180,180,0,340145.1973 ms,270000,1160,112,9.1.0_20260731131545,True
2026-09-20T13:19:20+08:00,792.5433,9.1.0,V100R001C11SPC001B243,success,15d85da2c11bea06022ee3164baa3ead2f4c677f,182a7e496605ff60cdb8fa1f5504703fb91aaa8f,182a7e496605ff60cdb8fa1f5504703fb91aaa8f,workflow_dispatch,,,35485902740,1,106026667233,https://github.com/vllm-project/vllm-ascend/actions/runs/35485902740/job/106026667233,linux-aarch64-a2b3-4-2h6bk-runner-76jrs,180,180,0,340675.3895 ms,270000,21288,112,9.1.0_20260731131545,True
2026-09-21T06:17:50+08:00,776.6258,9.1.0,V100R001C25B114,failure,c173a64a44dec4ba97aaba6277b1dfc1562eda19,c173a64a44dec4ba97aaba6277b1dfc1562eda19,c173a64a44dec4ba97aaba6277b1dfc1562eda19,workflow_dispatch,,,35535887772,1,106158819969,https://github.com/vllm-project/vllm-ascend/actions/runs/35535887772/job/106158819969,linux-aarch64-a2b3-4-xwddq-runner-khc9z,180,180,0,347657.7937 ms,270000,1169,112,9.1.0_20260731131545,True
2026-09-21T07:53:31+08:00,782.4173,9.1.0,V100R001C25B114,success,5eccffd00c8ef58233a76a78c80b33039b06446c,c173a64a44dec4ba97aaba6277b1dfc1562eda19,c173a64a44dec4ba97aaba6277b1dfc1562eda19,workflow_dispatch,17035,https://github.com/vllm-project/vllm-ascend/pull/17035,35545736131,1,106171730326,https://github.com/vllm-project/vllm-ascend/actions/runs/35545736131/job/106171730326,linux-aarch64-a2b3-4-xwddq-runner-d7rtc,180,180,0,345084.3981 ms,270000,21638,112,9.1.0_20260731131545,True
2026-09-21T08:44:39+08:00,778.4115,9.1.0,V100R001C25B114,failure,5eccffd00c8ef58233a76a78c80b33039b06446c,c173a64a44dec4ba97aaba6277b1dfc1562eda19,c173a64a44dec4ba97aaba6277b1dfc1562eda19,workflow_dispatch,17035,https://github.com/vllm-project/vllm-ascend/pull/17035,35548406902,1,106179106439,https://github.com/vllm-project/vllm-ascend/actions/runs/35548406902/job/106179106439,linux-aarch64-a2b3-4-xwddq-runner-s4sgf,180,180,0,346860.2268 ms,270000,21637,112,9.1.0_20260731131545,True
2026-09-21T09:32:47+08:00,784.8658,9.1.0,V100R001C25B114,success,5eccffd00c8ef58233a76a78c80b33039b06446c,c173a64a44dec4ba97aaba6277b1dfc1562eda19,c173a64a44dec4ba97aaba6277b1dfc1562eda19,workflow_dispatch,17035,https://github.com/vllm-project/vllm-ascend/pull/17035,35550977698,1,106186198193,https://github.com/vllm-project/vllm-ascend/actions/runs/35550977698/job/106186198193,linux-aarch64-a2b3-4-xwddq-runner-7kl64,180,180,0,344007.8723 ms,270000,21633,112,9.1.0_20260731131545,True
2026-09-21T12:28:19+08:00,782.7378,9.1.0,V100R001C25B114,success,b2c362207cba51f77d78fe164143a380fdd51768,d052552072254a21560e8c5ebc04b80524c89622,d052552072254a21560e8c5ebc04b80524c89622,workflow_dispatch,14544,https://github.com/vllm-project/vllm-ascend/pull/14544,35560768263,1,106213901721,https://github.com/vllm-project/vllm-ascend/actions/runs/35560768263/job/106213901721,linux-aarch64-a2b3-4-xwddq-runner-rsx27,180,180,0,344943.0765 ms,270000,21656,112,9.1.0_20260731131545,True
2026-09-21T15:37:22+08:00,788.296,9.1.0,V100R001C25B114,success,b2c362207cba51f77d78fe164143a380fdd51768,9693cc1a4048daeb860931bbb283fd4fe55f5ef0,9693cc1a4048daeb860931bbb283fd4fe55f5ef0,workflow_dispatch,14544,https://github.com/vllm-project/vllm-ascend/pull/14544,35573454894,1,106250988864,https://github.com/vllm-project/vllm-ascend/actions/runs/35573454894/job/106250988864,linux-aarch64-a2b3-4-xwddq-runner-dgs4b,180,180,0,342510.9564 ms,270000,21645,112,9.1.0_20260731131545,True
2026-09-21T16:59:28+08:00,803.3617,9.1.0,V100R001C25B114,success,1e1dbd60434396d8f6026e4f4cb9f3978901c9db,475a9a0b44404d3a6fdf523b6f63aa5cb50d6cb8,475a9a0b44404d3a6fdf523b6f63aa5cb50d6cb8,workflow_dispatch,17111,https://github.com/vllm-project/vllm-ascend/pull/17111,35580295526,1,106272761704,https://github.com/vllm-project/vllm-ascend/actions/runs/35580295526/job/106272761704,linux-aarch64-a2b3-4-xwddq-runner-755lk,180,180,0,336087.6978 ms,270000,21644,112,9.1.0_20260731131545,True
2026-09-21T17:04:07+08:00,792.0472,9.1.0,V100R001C25B114,success,914bba50b78e5b666ed8d93ace1093756fc376a8,d4511510e15eb52744089e40d8cd7c9fc23ac0f4,d4511510e15eb52744089e40d8cd7c9fc23ac0f4,workflow_dispatch,17113,https://github.com/vllm-project/vllm-ascend/pull/17113,35580733048,1,106274159404,https://github.com/vllm-project/vllm-ascend/actions/runs/35580733048/job/106274159404,linux-aarch64-a2b3-4-xwddq-runner-jjf8j,180,180,0,340888.783 ms,270000,21869,112,9.1.0_20260731131545,True
2026-09-21T18:40:53+08:00,792.4597,9.1.0,V100R001C25B114,success,00289eaf1578894c3d085cc0b4a5cfa4b318915e,eab5875da2f6ec417dcafac44e3461b3c9d69de3,eab5875da2f6ec417dcafac44e3461b3c9d69de3,workflow_dispatch,17102,https://github.com/vllm-project/vllm-ascend/pull/17102,35584252254,1,106301990974,https://github.com/vllm-project/vllm-ascend/actions/runs/35584252254/job/106301990974,linux-aarch64-a2b3-4-xwddq-runner-t6r86,180,180,0,340711.3162 ms,270000,21853,112,9.1.0_20260731131545,True
2026-09-22T00:47:15+08:00,806.0405,9.1.0,V100R001C11SPC001B243,success,731afcbb2e9cd73914004337df6be7bfa4127c04,b1bb543881ec88899f7a6fd92005ab34179edd81,b1bb543881ec88899f7a6fd92005ab34179edd81,workflow_dispatch,17120,https://github.com/vllm-project/vllm-ascend/pull/17120,35606823861,1,106406312638,https://github.com/vllm-project/vllm-ascend/actions/runs/35606823861/job/106406312638,linux-aarch64-a2b3-4-xwddq-runner-qzjt5,180,180,0,334970.7613 ms,270000,21949,112,9.1.0_20260731131545,True
2026-09-22T02:30:34+08:00,783.7664,9.1.0,V100R001C11SPC001B243,success,baa023ada41a5b889cac6249845a688aab130892,baa023ada41a5b889cac6249845a688aab130892,baa023ada41a5b889cac6249845a688aab130892,workflow_dispatch,,,35624826824,1,106451328520,https://github.com/vllm-project/vllm-ascend/actions/runs/35624826824/job/106451328520,linux-aarch64-a2b3-4-xwddq-runner-r6nhd,180,180,0,344490.3953 ms,270000,1386,112,9.1.0_20260731131545,True
2026-09-22T11:54:32+08:00,822.4807,9.1.0,V100R001C11SPC001B243,success,0afb901134c6a23d13cb6b6d7425c12e0d1f439a,baa023ada41a5b889cac6249845a688aab130892,baa023ada41a5b889cac6249845a688aab130892,workflow_dispatch,16848,https://github.com/vllm-project/vllm-ascend/pull/16848,35676345606,1,106606621833,https://github.com/vllm-project/vllm-ascend/actions/runs/35676345606/job/106606621833,linux-aarch64-a2b3-4-xwddq-runner-fwbv8,180,180,0,328275.1695 ms,270000,21922,112,9.1.0_20260731131545,True
2026-09-23T01:00:40+08:00,733.4899,9.2.0,V100R001C25B114,failure,baa023ada41a5b889cac6249845a688aab130892,5591facb371bdb99f59a7a0bb8d59b6c4de137dd,5591facb371bdb99f59a7a0bb8d59b6c4de137dd,workflow_dispatch,,,35745271509,2,106847569750,https://github.com/vllm-project/vllm-ascend/actions/runs/35745271509/job/106847569750,linux-aarch64-a2b3-4-xwddq-runner-v6tcw,180,180,0,368103.2214 ms,270000,1375,112,9.1.0_20260731131545,False
2026-09-23T04:00:19+08:00,792.6278,9.1.0,V100R001C11SPC001B243,success,a71b766ce6fc0a9669a412e15a5cf53f7f827093,a71b766ce6fc0a9669a412e15a5cf53f7f827093,a71b766ce6fc0a9669a412e15a5cf53f7f827093,workflow_dispatch,,,35765724272,1,106913454027,https://github.com/vllm-project/vllm-ascend/actions/runs/35765724272/job/106913454027,linux-aarch64-a2b3-4-xwddq-runner-tbvx6,180,180,0,340639.0838 ms,270000,1387,112,9.1.0_20260731131545,True
2026-09-24T03:05:02+08:00,790.036,9.1.0,V100R001C11SPC001B243,success,ad7a731b9c0db2592bbe1f568a776207745017ed,ad7a731b9c0db2592bbe1f568a776207745017ed,ad7a731b9c0db2592bbe1f568a776207745017ed,workflow_dispatch,,,35894457906,1,107336621285,https://github.com/vllm-project/vllm-ascend/actions/runs/35894457906/job/107336621285,linux-aarch64-a2b3-4-xwddq-runner-nqxbp,180,180,0,341756.5725 ms,270000,1386,112,9.1.0_20260731131545,True
2026-09-24T05:50:26+08:00,787.165,9.1.0,V100R001C11SPC001B243,success,39fef3f8fe71e71a8b7a684ae0f62b85ff18661f,39fef3f8fe71e71a8b7a684ae0f62b85ff18661f,39fef3f8fe71e71a8b7a684ae0f62b85ff18661f,workflow_dispatch,,,35913876951,1,107397194238,https://github.com/vllm-project/vllm-ascend/actions/runs/35913876951/job/107397194238,linux-aarch64-a2b3-4-xwddq-runner-c84xw,180,180,0,343003.0554 ms,270000,1393,112,9.1.0_20260731131545,True
2026-09-26T02:37:15+08:00,770.9961,9.2.0,V100R001C12SPC001B211,failure,baa023ada41a5b889cac6249845a688aab130892,2bb3f44716f3505d2723a4e5badb10211a6c5589,2bb3f44716f3505d2723a4e5badb10211a6c5589,workflow_dispatch,,,36156268364,1,108201226790,https://github.com/vllm-project/vllm-ascend/actions/runs/36156268364/job/108201226790,linux-aarch64-a2b3-4-xwddq-runner-k5g9q,180,180,0,350196.318 ms,270000,1382,112,9.1.0_20260731131545,False
2026-09-26T16:40:07+08:00,784.1192,9.1.0,V100R001C11SPC001B243,success,bbb5672af80b1972c301852aa505b13374fa6355,eb31db4d75622a8043703d2cbb55e9df75e70f98,eb31db4d75622a8043703d2cbb55e9df75e70f98,workflow_dispatch,,,36225208422,1,108372470597,https://github.com/vllm-project/vllm-ascend/actions/runs/36225208422/job/108372470597,linux-aarch64-a2b3-4-xwddq-runner-qqh57,180,180,0,344335.3884 ms,270000,1401,112,9.1.0_20260731131545,True
2026-09-27T17:09:43+08:00,785.8546,9.1.0,V100R001C11SPC001B243,success,7e2c563f5e6ceddb5b0975753013832d356e096e,7e2c563f5e6ceddb5b0975753013832d356e096e,7e2c563f5e6ceddb5b0975753013832d356e096e,workflow_dispatch,,,36302697268,1,108589310238,https://github.com/vllm-project/vllm-ascend/actions/runs/36302697268/job/108589310238,linux-aarch64-a2b3-4-xwddq-runner-6lqxj,180,180,0,343575.0085 ms,270000,1393,112,9.1.0_20260731131545,True
2026-09-28T00:47:39+08:00,785.412,9.1.0,V100R001C11SPC001B243,success,8d4409d6256d8a6729140ddcc0d1889e3f96cdd6,8d4409d6256d8a6729140ddcc0d1889e3f96cdd6,8d4409d6256d8a6729140ddcc0d1889e3f96cdd6,workflow_dispatch,,,36327816101,1,108662359368,https://github.com/vllm-project/vllm-ascend/actions/runs/36327816101/job/108662359368,linux-aarch64-a2b3-4-xwddq-runner-c6k8b,180,180,0,343768.6016 ms,270000,1405,112,9.1.0_20260731131545,True
2026-09-29T02:57:33+08:00,789.1202,9.1.0,V100R001C11SPC001B243,success,b64b4d714484feaa6ca71edc99b98318fe6d2f0d,b64b4d714484feaa6ca71edc99b98318fe6d2f0d,b64b4d714484feaa6ca71edc99b98318fe6d2f0d,workflow_dispatch,,,36456246861,1,109085395854,https://github.com/vllm-project/vllm-ascend/actions/runs/36456246861/job/109085395854,linux-aarch64-a2b3-4-xwddq-runner-gjrmt,180,180,0,342153.1926 ms,270000,1387,112,9.1.0_20260731131545,True
2026-09-30T02:39:41+08:00,755.604,9.2.0,V100R001C12SPC001B220,failure,b64b4d714484feaa6ca71edc99b98318fe6d2f0d,c39b31aab404cda15ee907dff2bd75d1033ca0a7,c39b31aab404cda15ee907dff2bd75d1033ca0a7,workflow_dispatch,,,36592566744,2,109548396973,https://github.com/vllm-project/vllm-ascend/actions/runs/36592566744/job/109548396973,linux-aarch64-a2b3-4-xwddq-runner-ksp8q,180,180,0,357330.0166 ms,270000,1390,113,9.1.0_20260731131545,False
2026-10-01T01:54:41+08:00,757.2568,9.2.0,V100R001C12SPC001B220,failure,a40b52df0ef06a6360e2e97ce9b37a8939240d3f,62e05feb3db521230c27714ad4347bd0d9d38f1a,62e05feb3db521230c27714ad4347bd0d9d38f1a,workflow_dispatch,,,36740620800,1,110019706766,https://github.com/vllm-project/vllm-ascend/actions/runs/36740620800/job/110019706766,linux-aarch64-a2b3-4-69nsc-runner-fgbr7,180,180,0,356550.13 ms,270000,1391,116,,
2026-10-02T01:31:57+08:00,770.0295,9.2.0,V100R001C12SPC001B220,failure,a8fcedb03d93e60efceddbfc912406f7fa491d57,02615df12c0ad44bb7401cfc5c654fe16bebb7d0,02615df12c0ad44bb7401cfc5c654fe16bebb7d0,workflow_dispatch,,,36886694823,1,110496384097,https://github.com/vllm-project/vllm-ascend/actions/runs/36886694823/job/110496384097,linux-aarch64-a2b3-4-69nsc-runner-jsqbk,180,180,0,350635.919 ms,270000,1397,116,,
2026-10-03T01:35:39+08:00,722.166,9.2.0,V100R001C12SPC001B220,failure,02615df12c0ad44bb7401cfc5c654fe16bebb7d0,4ebb3090fc3c13c26557dcaae353882e70246649,4ebb3090fc3c13c26557dcaae353882e70246649,workflow_dispatch,,,37029162302,1,110952969797,https://github.com/vllm-project/vllm-ascend/actions/runs/37029162302/job/110952969797,linux-aarch64-a2b3-4-69nsc-runner-c46q9,180,180,0,373875.2336 ms,270000,1401,116,,
2026-10-04T00:49:51+08:00,154.9978,9.1.0,V100R001C11SPC001B243,failure,fb813d8482b4c8d1e2db5f820e28ebddcb55471d,4ebb3090fc3c13c26557dcaae353882e70246649,4ebb3090fc3c13c26557dcaae353882e70246649,workflow_dispatch,17681,https://github.com/vllm-project/vllm-ascend/pull/17681,37129575273,1,111247072312,https://github.com/vllm-project/vllm-ascend/actions/runs/37129575273/job/111247072312,linux-aarch64-a2b3-4-69nsc-runner-t2cr5,180,180,0,1741959.9915 ms,270000,22770,116,9.1.0_20260731131545,True
2026-10-04T15:07:01+08:00,762.1402,9.2.0,V100R001C25B114,failure,4ebb3090fc3c13c26557dcaae353882e70246649,f6992d8c4657d02ae75b7d4b92bf450f9f3dbeba,f6992d8c4657d02ae75b7d4b92bf450f9f3dbeba,workflow_dispatch,,,37179121001,1,111383999192,https://github.com/vllm-project/vllm-ascend/actions/runs/37179121001/job/111383999192,linux-aarch64-a2b3-4-69nsc-runner-2dhcp,180,180,0,354265.5249 ms,270000,1388,116,,
2026-10-05T00:38:22+08:00,765.4462,9.2.0,V100R001C25B114,failure,9b8fc5d728e1ea54dc277562b296112d905e15c1,7df96048756856e4d30f29618129e9942ba6985c,7df96048756856e4d30f29618129e9942ba6985c,workflow_dispatch,,,37214166426,1,111480582321,https://github.com/vllm-project/vllm-ascend/actions/runs/37214166426/job/111480582321,linux-aarch64-a2b3-4-69nsc-runner-nncsm,180,180,0,352735.4259 ms,270000,1390,116,,
2026-10-05T13:14:32+08:00,760.5895,9.2.0,V100R001C25B114,failure,9b8fc5d728e1ea54dc277562b296112d905e15c1,7df96048756856e4d30f29618129e9942ba6985c,7df96048756856e4d30f29618129e9942ba6985c,workflow_dispatch,,,37214166426,2,111625406120,https://github.com/vllm-project/vllm-ascend/actions/runs/37214166426/job/111625406120,linux-aarch64-a2b3-4-69nsc-runner-8p28w,180,180,0,354987.7945 ms,270000,1399,116,,
2026-10-06T12:48:30+08:00,773.3767,9.2.0,V100R001C25B114,failure,7c67bcce3bf750c5c762221e321976d26c551b49,4e19cc765510abfa1dd485b2aa72ff83d0945cf8,4e19cc765510abfa1dd485b2aa72ff83d0945cf8,workflow_dispatch,,,37335331287,3,112112680085,https://github.com/vllm-project/vllm-ascend/actions/runs/37335331287/job/112112680085,linux-aarch64-a2b3-4-69nsc-runner-l2lls,180,180,0,349118.3596 ms,270000,1389,116,,
2026-10-07T01:53:38+08:00,764.0632,9.2.0,V100R001C25B114,failure,acdd1baf9140cb0277ab929ae30a1a181e32427d,437c06e1cf31228d51fcb1e2f3ac9e5f6c4074fe,437c06e1cf31228d51fcb1e2f3ac9e5f6c4074fe,workflow_dispatch,,,37490119275,1,112407946995,https://github.com/vllm-project/vllm-ascend/actions/runs/37490119275/job/112407946995,linux-aarch64-a2b3-4-69nsc-runner-xzdrl,180,180,0,353373.9133 ms,270000,1392,116,,
2026-10-07T10:16:12+08:00,756.4232,9.2.0,V100R001C25B114,failure,971743a464aea1a0fc4109e8d2ff93a1349d577a,ec570818bc428da1e3dc1820434cbadf2d5cf300,ec570818bc428da1e3dc1820434cbadf2d5cf300,workflow_dispatch,17938,https://github.com/vllm-project/vllm-ascend/pull/17938,37560774961,1,112598434056,https://github.com/vllm-project/vllm-ascend/actions/runs/37560774961/job/112598434056,linux-aarch64-a2b3-4-69nsc-runner-wr9bv,180,180,0,356943.0538 ms,270000,22598,116,9.1.0_20260731131545,False
2026-10-08T01:42:56+08:00,766.8981,9.2.0,V100R001C25B114,failure,fe85f2bc4a652a0323b53c7cc4a22376f5c9d65e,0e181fc85fff24db10e5f92f10319c1913e6e9c5,0e181fc85fff24db10e5f92f10319c1913e6e9c5,workflow_dispatch,,,37646474685,2,112928617938,https://github.com/vllm-project/vllm-ascend/actions/runs/37646474685/job/112928617938,linux-aarch64-a2b3-4-69nsc-runner-wd6ht,180,180,0,352067.6362 ms,270000,1403,116,,
2026-10-08T14:35:01+08:00,787.2188,9.2.0,V100R001C25B114,success,09185ed8a3e55d6d112c61cb7edcf005fdb43473,ac850b5efdcbdbf53d05ac134390b7fdff0bd72e,ac850b5efdcbdbf53d05ac134390b7fdff0bd72e,workflow_dispatch,17681,https://github.com/vllm-project/vllm-ascend/pull/17681,37717487442,1,113182290813,https://github.com/vllm-project/vllm-ascend/actions/runs/37717487442/job/113182290813,linux-aarch64-a2b3-4-69nsc-runner-pcs2b,180,180,0,342979.6238 ms,270000,22624,116,9.1.0_20260731131545,False
