time_beijing,throughput,conclusion,head_sha,event,run_id,run_attempt,job_id,job_url,runner_name,Total Requests,Success Requests,Failed Requests,Benchmark Duration,Total Generated Tokens,metric_log_line,missing_reason
2026-09-08T20:18:57+08:00,800.5221,success,8ac532e62c9953203b10a66624acd85e06f93937,workflow_dispatch,34224770167,1,102057924729,https://github.com/vllm-project/vllm-ascend/actions/runs/34224770167/job/102057924729,linux-aarch64-a2b3-4-2h6bk-runner-pr9cd,180,180,0,337279.8802 ms,270000,20273,
2026-09-09T10:33:47+08:00,787.0243,success,f8481287a07cd7c407a3142f5d4188d71d964467,workflow_dispatch,34303330149,1,102315760542,https://github.com/vllm-project/vllm-ascend/actions/runs/34303330149/job/102315760542,linux-aarch64-a2b3-4-2h6bk-runner-lp28j,180,180,0,343064.3965 ms,270000,20700,
2026-09-09T10:35:41+08:00,791.6659,success,f8481287a07cd7c407a3142f5d4188d71d964467,workflow_dispatch,34303456698,1,102316151689,https://github.com/vllm-project/vllm-ascend/actions/runs/34303456698/job/102316151689,linux-aarch64-a2b3-4-2h6bk-runner-hv2gs,180,180,0,341052.9824 ms,270000,20703,
2026-09-10T18:55:15+08:00,,skipped,bdab8bde86aad5eba3b362f923a3ff03b2c0e772,workflow_dispatch,34460423677,1,102842816049,https://github.com/vllm-project/vllm-ascend/actions/runs/34460423677/job/102842816049,,,,,,,,Skipped: benchmark was not run
2026-09-10T22:30:40+08:00,,skipped,7e0ad39fd1f4f9c55e5743fe45784fc6447399a1,workflow_dispatch,34481161897,1,102912343547,https://github.com/vllm-project/vllm-ascend/actions/runs/34481161897/job/102912343547,,,,,,,,Skipped: benchmark was not run
2026-09-11T01:52:10+08:00,794.4989,success,c5055c8086d56ea1b2714b0f555ba67edd05e945,workflow_dispatch,34497670513,1,102981142073,https://github.com/vllm-project/vllm-ascend/actions/runs/34497670513/job/102981142073,linux-aarch64-a2b3-4-2h6bk-runner-qqmvc,180,180,0,339836.8625 ms,270000,1160,
2026-09-11T08:13:18+08:00,,skipped,84d6dc83a9b0016c1dcc7d3ed059acb829b61091,workflow_dispatch,34540786304,1,103097264208,https://github.com/vllm-project/vllm-ascend/actions/runs/34540786304/job/103097264208,,,,,,,,Skipped: benchmark was not run
2026-09-11T11:15:13+08:00,,skipped,f4b6bd05f05717e10e4521a78f4b3beba5bb5a99,workflow_dispatch,34552886493,1,103133889505,https://github.com/vllm-project/vllm-ascend/actions/runs/34552886493/job/103133889505,,,,,,,,Skipped: benchmark was not run
2026-09-11T13:00:44+08:00,,skipped,be427041bf63a620e4a637b60f2656e87dcdf8f6,workflow_dispatch,34561322648,1,103153195780,https://github.com/vllm-project/vllm-ascend/actions/runs/34561322648/job/103153195780,,,,,,,,Skipped: benchmark was not run
2026-09-11T16:53:35+08:00,,skipped,9b2871baeaf2149f3f8126f5fd2bc9ff2fb0958a,workflow_dispatch,34575037565,1,103205611189,https://github.com/vllm-project/vllm-ascend/actions/runs/34575037565/job/103205611189,,,,,,,,Skipped: benchmark was not run
2026-09-11T23:53:52+08:00,777.0744,failure,c843f75aff45050fd4958dc4f24ac7e54a472df4,workflow_dispatch,34617970118,1,103327196895,https://github.com/vllm-project/vllm-ascend/actions/runs/34617970118/job/103327196895,linux-aarch64-a2b3-4-2h6bk-runner-cd7pl,180,180,0,347457.0982 ms,270000,1155,
2026-09-12T14:24:13+08:00,,skipped,3b7cf0fad5f37fb9e55d2622143819081a91e91a,workflow_dispatch,34671546210,1,103511312477,https://github.com/vllm-project/vllm-ascend/actions/runs/34671546210/job/103511312477,,,,,,,,Skipped: benchmark was not run
2026-09-12T14:45:18+08:00,,skipped,9d9b9ed02475faac644222b0bd65d2f3cfb71ee1,workflow_dispatch,34675865431,1,103513816295,https://github.com/vllm-project/vllm-ascend/actions/runs/34675865431/job/103513816295,,,,,,,,Skipped: benchmark was not run
2026-09-12T16:16:20+08:00,,skipped,f50c611bbf93e4476a0d55fa965ca70dd0676d42,workflow_dispatch,34679630237,1,103524536102,https://github.com/vllm-project/vllm-ascend/actions/runs/34679630237/job/103524536102,,,,,,,,Skipped: benchmark was not run
2026-09-12T20:54:15+08:00,,skipped,d4d2957e5208c2f464d4625c05920bd29ea233cb,workflow_dispatch,34691727028,1,103556706888,https://github.com/vllm-project/vllm-ascend/actions/runs/34691727028/job/103556706888,,,,,,,,Skipped: benchmark was not run
2026-09-13T02:00:53+08:00,790.0201,success,d4d2957e5208c2f464d4625c05920bd29ea233cb,workflow_dispatch,34703784818,1,103596224725,https://github.com/vllm-project/vllm-ascend/actions/runs/34703784818/job/103596224725,linux-aarch64-a2b3-4-2h6bk-runner-sqn7f,180,180,0,341763.4691 ms,270000,1170,
2026-09-14T01:48:19+08:00,798.6856,success,660c4582aa580ce98edc9b681bb6ff6d03153575,workflow_dispatch,34766526376,1,103764868035,https://github.com/vllm-project/vllm-ascend/actions/runs/34766526376/job/103764868035,linux-aarch64-a2b3-4-2h6bk-runner-6k75q,180,180,0,338055.4205 ms,270000,1159,
2026-09-14T16:08:35+08:00,,skipped,125924bb2cb5ca3f68368f251c01c705d3a67b10,workflow_dispatch,34820669744,1,103902933735,https://github.com/vllm-project/vllm-ascend/actions/runs/34820669744/job/103902933735,,,,,,,,Skipped: benchmark was not run
2026-09-15T02:20:31+08:00,788.8191,success,26f1363f7180dfcbeac1230679976cede6010fc8,workflow_dispatch,34867800936,1,104097054774,https://github.com/vllm-project/vllm-ascend/actions/runs/34867800936/job/104097054774,linux-aarch64-a2b3-4-2h6bk-runner-xjxkh,180,180,0,342283.7919 ms,270000,1161,
2026-09-15T17:40:48+08:00,,skipped,09ca138b352fbcd7398a633d7962044bc84cce1e,workflow_dispatch,34951358020,1,104330968143,https://github.com/vllm-project/vllm-ascend/actions/runs/34951358020/job/104330968143,,,,,,,,Skipped: benchmark was not run
2026-09-15T17:43:11+08:00,,skipped,09ca138b352fbcd7398a633d7962044bc84cce1e,workflow_dispatch,34951626639,1,104331692546,https://github.com/vllm-project/vllm-ascend/actions/runs/34951626639/job/104331692546,,,,,,,,Skipped: benchmark was not run
2026-09-15T18:21:47+08:00,,skipped,09ca138b352fbcd7398a633d7962044bc84cce1e,workflow_dispatch,34950304371,1,104343090958,https://github.com/vllm-project/vllm-ascend/actions/runs/34950304371/job/104343090958,,,,,,,,Skipped: benchmark was not run
2026-09-15T18:54:32+08:00,,skipped,fbb75a47436901616849da155828f755ec58b619,workflow_dispatch,34957981292,1,104352513244,https://github.com/vllm-project/vllm-ascend/actions/runs/34957981292/job/104352513244,,,,,,,,Skipped: benchmark was not run
2026-09-15T19:36:05+08:00,,skipped,fbb75a47436901616849da155828f755ec58b619,workflow_dispatch,34957715415,1,104364550478,https://github.com/vllm-project/vllm-ascend/actions/runs/34957715415/job/104364550478,,,,,,,,Skipped: benchmark was not run
2026-09-15T19:38:39+08:00,,skipped,fbb75a47436901616849da155828f755ec58b619,workflow_dispatch,34961862799,1,104365296712,https://github.com/vllm-project/vllm-ascend/actions/runs/34961862799/job/104365296712,,,,,,,,Skipped: benchmark was not run
2026-09-15T20:58:09+08:00,,skipped,2903ca8db99f232ba653f518fc7f7ca8a48ff193,workflow_dispatch,34969253618,1,104390407865,https://github.com/vllm-project/vllm-ascend/actions/runs/34969253618/job/104390407865,,,,,,,,Skipped: benchmark was not run
2026-09-15T21:03:05+08:00,,skipped,13c37078dede8ffc676ee243801df889d8bfa02e,workflow_dispatch,34969824585,1,104392106660,https://github.com/vllm-project/vllm-ascend/actions/runs/34969824585/job/104392106660,,,,,,,,Skipped: benchmark was not run
2026-09-16T02:17:37+08:00,788.7569,success,b49962987e89b850586f1819ce8f85daa85a0f81,workflow_dispatch,34990518481,1,104472775960,https://github.com/vllm-project/vllm-ascend/actions/runs/34990518481/job/104472775960,linux-aarch64-a2b3-4-2h6bk-runner-fshdf,180,180,0,342310.7847 ms,270000,1161,
2026-09-16T12:25:14+08:00,,skipped,4c5ee33208b6808625c5994f9d45bfd4705e8dfc,workflow_dispatch,35050830365,1,104664779748,https://github.com/vllm-project/vllm-ascend/actions/runs/35050830365/job/104664779748,,,,,,,,Skipped: benchmark was not run
2026-09-16T14:54:11+08:00,,skipped,3437e32bb30ccf890589492149b58b991fce57a6,workflow_dispatch,35065313137,1,104695880246,https://github.com/vllm-project/vllm-ascend/actions/runs/35065313137/job/104695880246,,,,,,,,Skipped: benchmark was not run
2026-09-16T17:35:19+08:00,,skipped,3437e32bb30ccf890589492149b58b991fce57a6,workflow_dispatch,35065198772,1,104742309173,https://github.com/vllm-project/vllm-ascend/actions/runs/35065198772/job/104742309173,,,,,,,,Skipped: benchmark was not run
2026-09-17T04:22:56+08:00,791.0792,success,e1d1490314eeb5baec2e77b27a9610e5358aa153,workflow_dispatch,35140915567,1,104962193793,https://github.com/vllm-project/vllm-ascend/actions/runs/35140915567/job/104962193793,linux-aarch64-a2b3-4-2h6bk-runner-l4wvj,180,180,0,341305.9207 ms,270000,1152,
2026-09-17T11:31:54+08:00,,skipped,7a0aaebca6919cf2302c77b52eb82bf312b6c1da,workflow_dispatch,35176652097,1,105065431604,https://github.com/vllm-project/vllm-ascend/actions/runs/35176652097/job/105065431604,,,,,,,,Skipped: benchmark was not run
2026-09-17T12:09:22+08:00,,skipped,8a36237e9b1119213d5d9efb02262191d4899320,workflow_dispatch,35172777243,1,105072424132,https://github.com/vllm-project/vllm-ascend/actions/runs/35172777243/job/105072424132,,,,,,,,Skipped: benchmark was not run
2026-09-17T13:10:42+08:00,,skipped,bc7f7be042a1b232817956f9a4da80e327c907f9,workflow_dispatch,35179457224,1,105084182917,https://github.com/vllm-project/vllm-ascend/actions/runs/35179457224/job/105084182917,,,,,,,,Skipped: benchmark was not run
2026-09-17T13:26:04+08:00,,skipped,7a0aaebca6919cf2302c77b52eb82bf312b6c1da,workflow_dispatch,35175111205,1,105087231432,https://github.com/vllm-project/vllm-ascend/actions/runs/35175111205/job/105087231432,,,,,,,,Skipped: benchmark was not run
2026-09-17T14:13:50+08:00,,skipped,bc7f7be042a1b232817956f9a4da80e327c907f9,workflow_dispatch,35188589411,1,105096944250,https://github.com/vllm-project/vllm-ascend/actions/runs/35188589411/job/105096944250,,,,,,,,Skipped: benchmark was not run
2026-09-17T14:24:25+08:00,,skipped,bc7f7be042a1b232817956f9a4da80e327c907f9,workflow_dispatch,35189336167,1,105099278426,https://github.com/vllm-project/vllm-ascend/actions/runs/35189336167/job/105099278426,,,,,,,,Skipped: benchmark was not run
2026-09-17T16:01:45+08:00,,skipped,bc7f7be042a1b232817956f9a4da80e327c907f9,workflow_dispatch,35189931528,1,105124104150,https://github.com/vllm-project/vllm-ascend/actions/runs/35189931528/job/105124104150,,,,,,,,Skipped: benchmark was not run
2026-09-17T17:16:28+08:00,,skipped,8c30e4f491f73cba737a1dacc522894e437cdf3d,workflow_dispatch,35196537677,1,105145941131,https://github.com/vllm-project/vllm-ascend/actions/runs/35196537677/job/105145941131,,,,,,,,Skipped: benchmark was not run
2026-09-17T19:07:07+08:00,,skipped,a6097f6da15d2d92daabec6dfd9a5b4fd6e567d5,workflow_dispatch,35207821866,1,105178012363,https://github.com/vllm-project/vllm-ascend/actions/runs/35207821866/job/105178012363,,,,,,,,Skipped: benchmark was not run
2026-09-17T20:02:39+08:00,,skipped,3db3f931e155da9b496febe8a42d9bd7d9f52849,workflow_dispatch,35212527226,1,105193944616,https://github.com/vllm-project/vllm-ascend/actions/runs/35212527226/job/105193944616,,,,,,,,Skipped: benchmark was not run
2026-09-18T03:25:51+08:00,757.0391,failure,c7ca0b676b9668535f467b78cff1274a4ddb63b2,workflow_dispatch,35253853308,1,105348688564,https://github.com/vllm-project/vllm-ascend/actions/runs/35253853308/job/105348688564,linux-aarch64-a2b3-4-2h6bk-runner-vdq5c,180,180,0,356652.6518 ms,270000,1139,
2026-09-18T09:49:14+08:00,,skipped,c7ca0b676b9668535f467b78cff1274a4ddb63b2,workflow_dispatch,35293315295,1,105451086067,https://github.com/vllm-project/vllm-ascend/actions/runs/35293315295/job/105451086067,,,,,,,,Skipped: benchmark was not run
2026-09-18T11:57:28+08:00,787.7876,success,21bfcb10da6e56d2d416eb65bb0f511c1aa8a710,workflow_dispatch,35304824742,1,105475587767,https://github.com/vllm-project/vllm-ascend/actions/runs/35304824742/job/105475587767,linux-aarch64-a2b3-4-2h6bk-runner-jztbj,180,180,0,342731.9845 ms,270000,21243,
2026-09-18T13:03:52+08:00,,skipped,21bfcb10da6e56d2d416eb65bb0f511c1aa8a710,workflow_dispatch,35304848368,1,105487936433,https://github.com/vllm-project/vllm-ascend/actions/runs/35304848368/job/105487936433,,,,,,,,Skipped: benchmark was not run
2026-09-18T17:24:44+08:00,,failure,fe167d93bb7e914a4c863cdc54a41cf03339b3dc,workflow_dispatch,35328765771,1,105549853185,https://github.com/vllm-project/vllm-ascend/actions/runs/35328765771/job/105549853185,linux-aarch64-a2b3-4-2h6bk-runner-7vx8v,,,,,,,No throughput row in job log
2026-09-18T19:04:00+08:00,740.046,failure,628fac6d85c27f5f24a589db300ae9add24151ff,workflow_dispatch,35337261535,1,105576419718,https://github.com/vllm-project/vllm-ascend/actions/runs/35337261535/job/105576419718,linux-aarch64-a2b3-4-2h6bk-runner-tghsp,180,180,0,364842.1985 ms,270000,21265,
2026-09-18T19:04:43+08:00,,skipped,3429b5bb4819b0b9887fceb027dd23728c203136,workflow_dispatch,35333452541,1,105576691568,https://github.com/vllm-project/vllm-ascend/actions/runs/35333452541/job/105576691568,,,,,,,,Skipped: benchmark was not run
2026-09-18T20:26:00+08:00,795.006,success,8af9dff3a8a9386f7d3c0e49ce741e9e6ada4e5f,workflow_dispatch,35344050737,1,105598117731,https://github.com/vllm-project/vllm-ascend/actions/runs/35344050737/job/105598117731,linux-aarch64-a2b3-4-2h6bk-runner-dcpbp,180,180,0,339620.077 ms,270000,21248,
2026-09-19T03:33:51+08:00,792.6629,success,c8addbb24fe8fa820bb79685c116e43ba89b77e9,workflow_dispatch,35376644941,1,105734114580,https://github.com/vllm-project/vllm-ascend/actions/runs/35376644941/job/105734114580,linux-aarch64-a2b3-4-2h6bk-runner-xczm7,180,180,0,340624.008 ms,270000,1141,
2026-09-19T12:37:59+08:00,,skipped,e139b7d573d3769fd1407d5027d7d4831f5469f0,workflow_dispatch,35421545671,1,105840786864,https://github.com/vllm-project/vllm-ascend/actions/runs/35421545671/job/105840786864,,,,,,,,Skipped: benchmark was not run
2026-09-20T00:02:23+08:00,,failure,b255ab59662d8c665e5534e926f913b1c1179b1c,workflow_dispatch,35452779632,1,105924745914,https://github.com/vllm-project/vllm-ascend/actions/runs/35452779632/job/105924745914,linux-aarch64-a2b3-4-2h6bk-runner-mfbh6,,,,,,,No throughput row in job log
2026-09-20T13:18:58+08:00,792.9211,success,182a7e496605ff60cdb8fa1f5504703fb91aaa8f,workflow_dispatch,35485902740,1,106026667217,https://github.com/vllm-project/vllm-ascend/actions/runs/35485902740/job/106026667217,linux-aarch64-a2b3-4-2h6bk-runner-vszcb,180,180,0,340513.0772 ms,270000,21260,
2026-09-20T14:46:00+08:00,,skipped,8bd6fe0bc519e2beb9930687ac3e89f2245aa70d,workflow_dispatch,35494393918,1,106036497784,https://github.com/vllm-project/vllm-ascend/actions/runs/35494393918/job/106036497784,,,,,,,,Skipped: benchmark was not run
2026-09-20T14:55:50+08:00,,skipped,8bd6fe0bc519e2beb9930687ac3e89f2245aa70d,workflow_dispatch,35495231163,1,106037609266,https://github.com/vllm-project/vllm-ascend/actions/runs/35495231163/job/106037609266,,,,,,,,Skipped: benchmark was not run
2026-09-20T16:06:55+08:00,,skipped,8bd6fe0bc519e2beb9930687ac3e89f2245aa70d,workflow_dispatch,35496303545,1,106046330290,https://github.com/vllm-project/vllm-ascend/actions/runs/35496303545/job/106046330290,,,,,,,,Skipped: benchmark was not run
2026-09-20T16:14:28+08:00,,skipped,df3e755e98fba8c6a18f200c645e0c2050469bc3,workflow_dispatch,35498721726,1,106047281196,https://github.com/vllm-project/vllm-ascend/actions/runs/35498721726/job/106047281196,,,,,,,,Skipped: benchmark was not run
2026-09-20T16:39:57+08:00,,skipped,1e0742722d149b99f91ece504180aa9bdf8b69af,workflow_dispatch,35499951041,1,106050443013,https://github.com/vllm-project/vllm-ascend/actions/runs/35499951041/job/106050443013,,,,,,,,Skipped: benchmark was not run
2026-09-20T16:53:14+08:00,,skipped,1e0742722d149b99f91ece504180aa9bdf8b69af,workflow_dispatch,35500471626,1,106052071567,https://github.com/vllm-project/vllm-ascend/actions/runs/35500471626/job/106052071567,,,,,,,,Skipped: benchmark was not run
2026-09-21T06:16:40+08:00,783.8601,success,c173a64a44dec4ba97aaba6277b1dfc1562eda19,workflow_dispatch,35535887772,1,106158819830,https://github.com/vllm-project/vllm-ascend/actions/runs/35535887772/job/106158819830,linux-aarch64-a2b3-4-xwddq-runner-4vhjg,180,180,0,344449.2065 ms,270000,1150,
2026-09-21T07:53:10+08:00,,skipped,c173a64a44dec4ba97aaba6277b1dfc1562eda19,workflow_dispatch,35545736131,1,106171731097,https://github.com/vllm-project/vllm-ascend/actions/runs/35545736131/job/106171731097,,,,,,,,Skipped: benchmark was not run
2026-09-21T08:44:13+08:00,,skipped,c173a64a44dec4ba97aaba6277b1dfc1562eda19,workflow_dispatch,35548406902,1,106179107001,https://github.com/vllm-project/vllm-ascend/actions/runs/35548406902/job/106179107001,,,,,,,,Skipped: benchmark was not run
2026-09-21T09:32:21+08:00,,skipped,c173a64a44dec4ba97aaba6277b1dfc1562eda19,workflow_dispatch,35550977698,1,106186198975,https://github.com/vllm-project/vllm-ascend/actions/runs/35550977698/job/106186198975,,,,,,,,Skipped: benchmark was not run
2026-09-21T10:26:50+08:00,802.4496,success,72bde513b321d686173aa9de99dc796e2f45276e,workflow_dispatch,35553865991,1,106194289882,https://github.com/vllm-project/vllm-ascend/actions/runs/35553865991/job/106194289882,linux-aarch64-a2b3-4-xwddq-runner-84wpw,180,180,0,336469.7494 ms,270000,21631,
2026-09-21T12:27:42+08:00,,skipped,d052552072254a21560e8c5ebc04b80524c89622,workflow_dispatch,35560768263,1,106213902489,https://github.com/vllm-project/vllm-ascend/actions/runs/35560768263/job/106213902489,,,,,,,,Skipped: benchmark was not run
2026-09-21T15:09:37+08:00,,skipped,9693cc1a4048daeb860931bbb283fd4fe55f5ef0,workflow_dispatch,35571256527,1,106244285432,https://github.com/vllm-project/vllm-ascend/actions/runs/35571256527/job/106244285432,,,,,,,,Skipped: benchmark was not run
2026-09-21T15:10:32+08:00,,skipped,9693cc1a4048daeb860931bbb283fd4fe55f5ef0,workflow_dispatch,35571330962,1,106244508803,https://github.com/vllm-project/vllm-ascend/actions/runs/35571330962/job/106244508803,,,,,,,,Skipped: benchmark was not run
2026-09-21T15:37:03+08:00,,skipped,9693cc1a4048daeb860931bbb283fd4fe55f5ef0,workflow_dispatch,35573454894,1,106250990004,https://github.com/vllm-project/vllm-ascend/actions/runs/35573454894/job/106250990004,,,,,,,,Skipped: benchmark was not run
2026-09-21T15:39:52+08:00,,skipped,9693cc1a4048daeb860931bbb283fd4fe55f5ef0,workflow_dispatch,35573664370,1,106251693578,https://github.com/vllm-project/vllm-ascend/actions/runs/35573664370/job/106251693578,,,,,,,,Skipped: benchmark was not run
2026-09-21T15:53:14+08:00,,skipped,c8537ac0e9affffd0788a77782b77545b0bb018e,workflow_dispatch,35574724049,1,106255015174,https://github.com/vllm-project/vllm-ascend/actions/runs/35574724049/job/106255015174,,,,,,,,Skipped: benchmark was not run
2026-09-21T16:15:23+08:00,,skipped,cc09c44576a2d957df7de5f66244a81e99819ab3,workflow_dispatch,35576498167,1,106260804514,https://github.com/vllm-project/vllm-ascend/actions/runs/35576498167/job/106260804514,,,,,,,,Skipped: benchmark was not run
2026-09-21T16:39:55+08:00,,skipped,475a9a0b44404d3a6fdf523b6f63aa5cb50d6cb8,workflow_dispatch,35578674990,1,106267511019,https://github.com/vllm-project/vllm-ascend/actions/runs/35578674990/job/106267511019,,,,,,,,Skipped: benchmark was not run
2026-09-21T16:44:20+08:00,,skipped,475a9a0b44404d3a6fdf523b6f63aa5cb50d6cb8,workflow_dispatch,35579039850,1,106268728248,https://github.com/vllm-project/vllm-ascend/actions/runs/35579039850/job/106268728248,,,,,,,,Skipped: benchmark was not run
2026-09-21T16:58:54+08:00,,skipped,475a9a0b44404d3a6fdf523b6f63aa5cb50d6cb8,workflow_dispatch,35580295526,1,106272762780,https://github.com/vllm-project/vllm-ascend/actions/runs/35580295526/job/106272762780,,,,,,,,Skipped: benchmark was not run
2026-09-21T17:03:47+08:00,,skipped,d4511510e15eb52744089e40d8cd7c9fc23ac0f4,workflow_dispatch,35580733048,1,106274160549,https://github.com/vllm-project/vllm-ascend/actions/runs/35580733048/job/106274160549,,,,,,,,Skipped: benchmark was not run
2026-09-21T17:20:34+08:00,,skipped,d4511510e15eb52744089e40d8cd7c9fc23ac0f4,workflow_dispatch,35582185607,1,106279019927,https://github.com/vllm-project/vllm-ascend/actions/runs/35582185607/job/106279019927,,,,,,,,Skipped: benchmark was not run
2026-09-21T18:40:33+08:00,,skipped,eab5875da2f6ec417dcafac44e3461b3c9d69de3,workflow_dispatch,35584252254,1,106301992885,https://github.com/vllm-project/vllm-ascend/actions/runs/35584252254/job/106301992885,,,,,,,,Skipped: benchmark was not run
2026-09-22T00:45:50+08:00,762.9025,failure,b1bb543881ec88899f7a6fd92005ab34179edd81,workflow_dispatch,35606823861,1,106406312839,https://github.com/vllm-project/vllm-ascend/actions/runs/35606823861/job/106406312839,linux-aarch64-a2b3-4-xwddq-runner-lwsgr,180,180,0,353911.5468 ms,270000,21709,
2026-09-22T02:37:59+08:00,779.3559,success,baa023ada41a5b889cac6249845a688aab130892,workflow_dispatch,35624826824,1,106451328450,https://github.com/vllm-project/vllm-ascend/actions/runs/35624826824/job/106451328450,linux-aarch64-a2b3-4-xwddq-runner-zsvzg,180,180,0,346439.9157 ms,270000,1161,
2026-09-22T11:48:04+08:00,,skipped,278c9984126cecbd989ea7195628aca6b71902c7,workflow_dispatch,35684201527,1,106608276435,https://github.com/vllm-project/vllm-ascend/actions/runs/35684201527/job/106608276435,,,,,,,,Skipped: benchmark was not run
2026-09-22T11:59:51+08:00,720.2423,failure,baa023ada41a5b889cac6249845a688aab130892,workflow_dispatch,35676345606,1,106606622015,https://github.com/vllm-project/vllm-ascend/actions/runs/35676345606/job/106606622015,linux-aarch64-a2b3-4-xwddq-runner-rsgdl,180,180,0,374873.8551 ms,270000,21914,
2026-09-22T16:48:07+08:00,,failure,5f8a1286a2d04d35b94ebc8a961057c48a7b82d2,workflow_dispatch,35706162260,1,106677313954,https://github.com/vllm-project/vllm-ascend/actions/runs/35706162260/job/106677313954,linux-aarch64-a2b3-4-xwddq-runner-bcgln,,,,,,,No throughput row in job log
2026-09-22T19:27:44+08:00,806.9539,success,5c0470d907dfe8581211f14d29cc5152688442dc,workflow_dispatch,35720949164,1,106725244296,https://github.com/vllm-project/vllm-ascend/actions/runs/35720949164/job/106725244296,linux-aarch64-a2b3-4-xwddq-runner-8tlwq,180,180,0,334591.6024 ms,270000,21842,
2026-09-22T23:41:27+08:00,,failure,5591facb371bdb99f59a7a0bb8d59b6c4de137dd,workflow_dispatch,35745271509,1,106818086384,https://github.com/vllm-project/vllm-ascend/actions/runs/35745271509/job/106818086384,linux-aarch64-a2b3-4-xwddq-runner-f4cp7,,,,,,,No throughput row in job log
2026-09-23T01:00:20+08:00,735.4414,failure,5591facb371bdb99f59a7a0bb8d59b6c4de137dd,workflow_dispatch,35745271509,2,106847569569,https://github.com/vllm-project/vllm-ascend/actions/runs/35745271509/job/106847569569,linux-aarch64-a2b3-4-xwddq-runner-pdqc4,180,180,0,367126.4602 ms,270000,1151,
2026-09-23T04:00:09+08:00,787.6478,success,a71b766ce6fc0a9669a412e15a5cf53f7f827093,workflow_dispatch,35765724272,1,106913453935,https://github.com/vllm-project/vllm-ascend/actions/runs/35765724272/job/106913453935,linux-aarch64-a2b3-4-xwddq-runner-w5qwx,180,180,0,342792.7877 ms,270000,1161,
2026-09-23T11:36:02+08:00,,skipped,47ba29b72b5d0406f9c41e7b1fc6eb30e7a067a5,workflow_dispatch,35806699265,1,107034438971,https://github.com/vllm-project/vllm-ascend/actions/runs/35806699265/job/107034438971,,,,,,,,Skipped: benchmark was not run
2026-09-23T17:36:20+08:00,,skipped,44518f429d4f2df24002a88981e121e2952d952b,workflow_dispatch,35843438068,1,107125345103,https://github.com/vllm-project/vllm-ascend/actions/runs/35843438068/job/107125345103,,,,,,,,Skipped: benchmark was not run
2026-09-23T18:13:20+08:00,,skipped,b2083a82fb34ebb9b19077c9cfac64aa6f08fa25,workflow_dispatch,35846140918,1,107137186505,https://github.com/vllm-project/vllm-ascend/actions/runs/35846140918/job/107137186505,,,,,,,,Skipped: benchmark was not run
2026-09-23T20:18:27+08:00,,skipped,7ee7382725ea2fd800b3c0a72b2e61c94ccc5a50,workflow_dispatch,35859176853,1,107176447101,https://github.com/vllm-project/vllm-ascend/actions/runs/35859176853/job/107176447101,,,,,,,,Skipped: benchmark was not run
2026-09-23T22:27:07+08:00,,skipped,cfbd3ac72ddebb3a366ff2c950fc97f9e45552af,workflow_dispatch,35873703524,1,107225982051,https://github.com/vllm-project/vllm-ascend/actions/runs/35873703524/job/107225982051,,,,,,,,Skipped: benchmark was not run
2026-09-24T03:06:19+08:00,788.5001,success,ad7a731b9c0db2592bbe1f568a776207745017ed,workflow_dispatch,35894457906,1,107336621797,https://github.com/vllm-project/vllm-ascend/actions/runs/35894457906/job/107336621797,linux-aarch64-a2b3-4-xwddq-runner-5dbzs,180,180,0,342422.2806 ms,270000,1152,
2026-09-24T05:51:55+08:00,780.0526,success,39fef3f8fe71e71a8b7a684ae0f62b85ff18661f,workflow_dispatch,35913876951,1,107397194489,https://github.com/vllm-project/vllm-ascend/actions/runs/35913876951/job/107397194489,linux-aarch64-a2b3-4-xwddq-runner-nrhrh,180,180,0,346130.4825 ms,270000,1149,
2026-09-24T11:12:43+08:00,,skipped,abe8ff18a96bcd5f90d08077d1ccd068b959cab4,workflow_dispatch,35950129704,1,107477784670,https://github.com/vllm-project/vllm-ascend/actions/runs/35950129704/job/107477784670,,,,,,,,Skipped: benchmark was not run
2026-09-24T12:45:02+08:00,,skipped,5a84871b22e968333b3451f70a93ac58734d996b,workflow_dispatch,35956647362,1,107497229302,https://github.com/vllm-project/vllm-ascend/actions/runs/35956647362/job/107497229302,,,,,,,,Skipped: benchmark was not run
2026-09-24T15:58:57+08:00,,skipped,cc3cca4f2e7f038025e4c782b160753509de12b0,workflow_dispatch,35972148898,1,107545521977,https://github.com/vllm-project/vllm-ascend/actions/runs/35972148898/job/107545521977,,,,,,,,Skipped: benchmark was not run
2026-09-24T19:45:18+08:00,,skipped,1070ec4606fee2722704b2cd83697da8fc63bf95,workflow_dispatch,35994397246,1,107617291299,https://github.com/vllm-project/vllm-ascend/actions/runs/35994397246/job/107617291299,,,,,,,,Skipped: benchmark was not run
2026-09-25T23:52:18+08:00,,skipped,2bb3f44716f3505d2723a4e5badb10211a6c5589,workflow_dispatch,36143711596,1,108144110514,https://github.com/vllm-project/vllm-ascend/actions/runs/36143711596/job/108144110514,,,,,,,,Skipped: benchmark was not run
2026-09-26T02:35:36+08:00,760.5344,failure,2bb3f44716f3505d2723a4e5badb10211a6c5589,workflow_dispatch,36156268364,1,108201226829,https://github.com/vllm-project/vllm-ascend/actions/runs/36156268364/job/108201226829,linux-aarch64-a2b3-4-xwddq-runner-wjgzz,180,180,0,355013.519 ms,270000,1149,
2026-09-26T16:41:50+08:00,783.3198,success,eb31db4d75622a8043703d2cbb55e9df75e70f98,workflow_dispatch,36225208422,1,108372470704,https://github.com/vllm-project/vllm-ascend/actions/runs/36225208422/job/108372470704,linux-aarch64-a2b3-4-xwddq-runner-gmt6n,180,180,0,344686.8094 ms,270000,1163,
2026-09-27T15:35:50+08:00,,skipped,7e2c563f5e6ceddb5b0975753013832d356e096e,workflow_dispatch,36303363949,1,108575768110,https://github.com/vllm-project/vllm-ascend/actions/runs/36303363949/job/108575768110,,,,,,,,Skipped: benchmark was not run
2026-09-27T16:17:33+08:00,,skipped,7e2c563f5e6ceddb5b0975753013832d356e096e,workflow_dispatch,36303939512,1,108581908602,https://github.com/vllm-project/vllm-ascend/actions/runs/36303939512/job/108581908602,,,,,,,,Skipped: benchmark was not run
2026-09-27T17:07:44+08:00,772.8905,failure,7e2c563f5e6ceddb5b0975753013832d356e096e,workflow_dispatch,36302697268,1,108589310012,https://github.com/vllm-project/vllm-ascend/actions/runs/36302697268/job/108589310012,linux-aarch64-a2b3-4-xwddq-runner-m2qmv,180,180,0,349337.9942 ms,270000,1158,
2026-09-27T18:01:08+08:00,,skipped,2cd61dab976fd2a8091035f41c73286c8adb7ce8,workflow_dispatch,36309337399,1,108597292356,https://github.com/vllm-project/vllm-ascend/actions/runs/36309337399/job/108597292356,,,,,,,,Skipped: benchmark was not run
2026-09-27T20:26:29+08:00,,skipped,19fb6fbf6eb9073326523259b9977de63f984247,workflow_dispatch,36317275896,1,108619035484,https://github.com/vllm-project/vllm-ascend/actions/runs/36317275896/job/108619035484,,,,,,,,Skipped: benchmark was not run
2026-09-28T00:45:44+08:00,769.6652,failure,8d4409d6256d8a6729140ddcc0d1889e3f96cdd6,workflow_dispatch,36327816101,1,108662359567,https://github.com/vllm-project/vllm-ascend/actions/runs/36327816101/job/108662359567,linux-aarch64-a2b3-4-xwddq-runner-g8s6b,180,180,0,350801.9022 ms,270000,1389,
2026-09-28T01:06:55+08:00,,skipped,8d4409d6256d8a6729140ddcc0d1889e3f96cdd6,workflow_dispatch,36333662989,1,108666072186,https://github.com/vllm-project/vllm-ascend/actions/runs/36333662989/job/108666072186,,,,,,,,Skipped: benchmark was not run
2026-09-28T02:56:59+08:00,747.2843,failure,8d4409d6256d8a6729140ddcc0d1889e3f96cdd6,workflow_dispatch,36340637637,1,108685222352,https://github.com/vllm-project/vllm-ascend/actions/runs/36340637637/job/108685222352,linux-aarch64-a2b3-4-xwddq-runner-njgqk,180,180,0,361308.2694 ms,270000,22452,
2026-09-28T03:54:47+08:00,753.1549,failure,8d4409d6256d8a6729140ddcc0d1889e3f96cdd6,workflow_dispatch,36345784830,1,108695295033,https://github.com/vllm-project/vllm-ascend/actions/runs/36345784830/job/108695295033,linux-aarch64-a2b3-4-xwddq-runner-5mkzs,180,180,0,358491.9841 ms,270000,22462,
2026-09-28T05:00:54+08:00,754.5311,failure,8d4409d6256d8a6729140ddcc0d1889e3f96cdd6,workflow_dispatch,36349847575,1,108706991528,https://github.com/vllm-project/vllm-ascend/actions/runs/36349847575/job/108706991528,linux-aarch64-a2b3-4-xwddq-runner-79rl5,180,180,0,357838.1566 ms,270000,22465,
2026-09-28T06:13:24+08:00,763.6923,failure,8d4409d6256d8a6729140ddcc0d1889e3f96cdd6,workflow_dispatch,36354234703,1,108719413430,https://github.com/vllm-project/vllm-ascend/actions/runs/36354234703/job/108719413430,linux-aarch64-a2b3-4-xwddq-runner-dx5pv,180,180,0,353545.528 ms,270000,22461,
2026-09-28T06:19:34+08:00,779.2251,success,8d4409d6256d8a6729140ddcc0d1889e3f96cdd6,workflow_dispatch,36354586505,1,108720487234,https://github.com/vllm-project/vllm-ascend/actions/runs/36354586505/job/108720487234,linux-aarch64-a2b3-4-xwddq-runner-gln9d,180,180,0,346498.0611 ms,270000,22229,
2026-09-28T09:58:49+08:00,,skipped,18d0537d919c303952fbe6f3442349d0de42970d,workflow_dispatch,36367714179,1,108758249330,https://github.com/vllm-project/vllm-ascend/actions/runs/36367714179/job/108758249330,,,,,,,,Skipped: benchmark was not run
2026-09-28T10:21:51+08:00,,skipped,8d4409d6256d8a6729140ddcc0d1889e3f96cdd6,workflow_dispatch,36367499247,1,108762701109,https://github.com/vllm-project/vllm-ascend/actions/runs/36367499247/job/108762701109,,,,,,,,Skipped: benchmark was not run
2026-09-28T12:34:37+08:00,,skipped,9df651d0ba8d92720275857199d38fc99a485f85,workflow_dispatch,36377949943,1,108788556020,https://github.com/vllm-project/vllm-ascend/actions/runs/36377949943/job/108788556020,,,,,,,,Skipped: benchmark was not run
2026-09-28T13:57:43+08:00,,skipped,9df651d0ba8d92720275857199d38fc99a485f85,workflow_dispatch,36383829881,1,108805965553,https://github.com/vllm-project/vllm-ascend/actions/runs/36383829881/job/108805965553,,,,,,,,Skipped: benchmark was not run
2026-09-28T14:24:17+08:00,,skipped,9df651d0ba8d92720275857199d38fc99a485f85,workflow_dispatch,36383793595,1,108812253808,https://github.com/vllm-project/vllm-ascend/actions/runs/36383793595/job/108812253808,,,,,,,,Skipped: benchmark was not run
2026-09-28T15:10:45+08:00,,skipped,597ab74d86af0e5d9a467618d70bd0aafed0cbea,workflow_dispatch,36389778699,1,108824226112,https://github.com/vllm-project/vllm-ascend/actions/runs/36389778699/job/108824226112,,,,,,,,Skipped: benchmark was not run
2026-09-28T15:54:32+08:00,,skipped,79f4a63f8b7c9cc2bfca426a984391e27cfd0333,workflow_dispatch,36393807004,1,108836757703,https://github.com/vllm-project/vllm-ascend/actions/runs/36393807004/job/108836757703,,,,,,,,Skipped: benchmark was not run
2026-09-28T16:41:49+08:00,,skipped,79f4a63f8b7c9cc2bfca426a984391e27cfd0333,workflow_dispatch,36398406912,1,108851789819,https://github.com/vllm-project/vllm-ascend/actions/runs/36398406912/job/108851789819,,,,,,,,Skipped: benchmark was not run
2026-09-28T17:37:47+08:00,,skipped,530e9b60ef2cdbce713816c5b41d2f3e8827e7aa,workflow_dispatch,36401530561,1,108870582613,https://github.com/vllm-project/vllm-ascend/actions/runs/36401530561/job/108870582613,,,,,,,,Skipped: benchmark was not run
2026-09-28T18:06:05+08:00,,skipped,423e85d032b0146d1d613456d3c391f1f1ac5d13,workflow_dispatch,36407056544,1,108880065609,https://github.com/vllm-project/vllm-ascend/actions/runs/36407056544/job/108880065609,,,,,,,,Skipped: benchmark was not run
2026-09-28T21:03:25+08:00,,skipped,ed87853ffc96146e902141e53bd0a9a314791c9c,workflow_dispatch,36409554688,1,108939641930,https://github.com/vllm-project/vllm-ascend/actions/runs/36409554688/job/108939641930,,,,,,,,Skipped: benchmark was not run
2026-09-29T02:57:05+08:00,774.3915,failure,b64b4d714484feaa6ca71edc99b98318fe6d2f0d,workflow_dispatch,36456246861,1,109085395373,https://github.com/vllm-project/vllm-ascend/actions/runs/36456246861/job/109085395373,linux-aarch64-a2b3-4-xwddq-runner-mqssr,180,180,0,348660.8637 ms,270000,1154,
2026-09-29T07:27:51+08:00,748.3362,failure,b64b4d714484feaa6ca71edc99b98318fe6d2f0d,workflow_dispatch,36497700079,1,109182296591,https://github.com/vllm-project/vllm-ascend/actions/runs/36497700079/job/109182296591,linux-aarch64-a2b3-4-xwddq-runner-rw5s5,180,180,0,360800.3962 ms,270000,22462,
2026-09-29T11:02:10+08:00,783.2062,success,b185282b417e1c52ecaff125154cf86e3e9c46be,workflow_dispatch,36514841209,1,109236147230,https://github.com/vllm-project/vllm-ascend/actions/runs/36514841209/job/109236147230,linux-aarch64-a2b3-4-xwddq-runner-prm2s,180,180,0,344736.7884 ms,270000,22263,
2026-09-29T11:47:33+08:00,,skipped,b64b4d714484feaa6ca71edc99b98318fe6d2f0d,workflow_dispatch,36508186139,1,109246661909,https://github.com/vllm-project/vllm-ascend/actions/runs/36508186139/job/109246661909,,,,,,,,Skipped: benchmark was not run
2026-09-29T13:59:09+08:00,,skipped,99d96c3da44adfd94e277173b1395eb46659f11f,workflow_dispatch,36519229608,1,109277505423,https://github.com/vllm-project/vllm-ascend/actions/runs/36519229608/job/109277505423,,,,,,,,Skipped: benchmark was not run
2026-09-29T16:30:19+08:00,,skipped,76c396813b54316186ceac30e47889d95cbab3bd,workflow_dispatch,36530370555,1,109323064678,https://github.com/vllm-project/vllm-ascend/actions/runs/36530370555/job/109323064678,,,,,,,,Skipped: benchmark was not run
2026-09-29T17:39:17+08:00,,skipped,a458e0c69efd10403926196af1dcf37dd49438d3,workflow_dispatch,36536567193,1,109347390770,https://github.com/vllm-project/vllm-ascend/actions/runs/36536567193/job/109347390770,,,,,,,,Skipped: benchmark was not run
2026-09-29T19:31:57+08:00,,skipped,3fad2cb358b03b1ea284a82046d7684c9b96e753,workflow_dispatch,36555072860,1,109385881051,https://github.com/vllm-project/vllm-ascend/actions/runs/36555072860/job/109385881051,,,,,,,,Skipped: benchmark was not run
2026-09-29T22:13:53+08:00,,skipped,f1bb5c86ec2eb57150e5173be5801dfda59f6fdd,workflow_dispatch,36568604025,1,109449160882,https://github.com/vllm-project/vllm-ascend/actions/runs/36568604025/job/109449160882,,,,,,,,Skipped: benchmark was not run
2026-09-29T22:40:58+08:00,,skipped,bdc579acd5949ce6e0ef08a0a857962d3d4e5377,workflow_dispatch,36565522448,1,109461022381,https://github.com/vllm-project/vllm-ascend/actions/runs/36565522448/job/109461022381,,,,,,,,Skipped: benchmark was not run
2026-09-30T01:05:44+08:00,,skipped,c39b31aab404cda15ee907dff2bd75d1033ca0a7,workflow_dispatch,36586487080,1,109523094921,https://github.com/vllm-project/vllm-ascend/actions/runs/36586487080/job/109523094921,,,,,,,,Skipped: benchmark was not run
2026-09-30T02:38:59+08:00,739.279,failure,c39b31aab404cda15ee907dff2bd75d1033ca0a7,workflow_dispatch,36592566744,2,109548396956,https://github.com/vllm-project/vllm-ascend/actions/runs/36592566744/job/109548396956,linux-aarch64-a2b3-4-xwddq-runner-j4cfz,180,180,0,365220.7322 ms,270000,1172,
2026-09-30T04:09:39+08:00,,skipped,c39b31aab404cda15ee907dff2bd75d1033ca0a7,workflow_dispatch,36609362298,1,109597422353,https://github.com/vllm-project/vllm-ascend/actions/runs/36609362298/job/109597422353,,,,,,,,Skipped: benchmark was not run
2026-09-30T11:20:31+08:00,,skipped,c39b31aab404cda15ee907dff2bd75d1033ca0a7,workflow_dispatch,36654343220,1,109724512025,https://github.com/vllm-project/vllm-ascend/actions/runs/36654343220/job/109724512025,,,,,,,,Skipped: benchmark was not run
2026-09-30T11:42:22+08:00,,skipped,12fd3a90a0895aebbc58926334e9891683c00699,workflow_dispatch,36665193676,1,109729477875,https://github.com/vllm-project/vllm-ascend/actions/runs/36665193676/job/109729477875,,,,,,,,Skipped: benchmark was not run
2026-10-01T01:49:05+08:00,750.8766,failure,62e05feb3db521230c27714ad4347bd0d9d38f1a,workflow_dispatch,36740620800,1,110019706294,https://github.com/vllm-project/vllm-ascend/actions/runs/36740620800/job/110019706294,linux-aarch64-a2b3-4-69nsc-runner-t8vx7,180,180,0,359579.7109 ms,270000,1177,
2026-10-01T11:10:07+08:00,759.2211,failure,a8fcedb03d93e60efceddbfc912406f7fa491d57,workflow_dispatch,36808663716,1,110200286424,https://github.com/vllm-project/vllm-ascend/actions/runs/36808663716/job/110200286424,linux-aarch64-a2b3-4-69nsc-runner-4tt6r,180,180,0,355627.6146 ms,270000,22319,
2026-10-02T01:32:01+08:00,752.3831,failure,02615df12c0ad44bb7401cfc5c654fe16bebb7d0,workflow_dispatch,36886694823,1,110496384378,https://github.com/vllm-project/vllm-ascend/actions/runs/36886694823/job/110496384378,linux-aarch64-a2b3-4-69nsc-runner-mq95g,180,180,0,358859.7541 ms,270000,1173,
2026-10-02T23:59:12+08:00,,skipped,4ebb3090fc3c13c26557dcaae353882e70246649,workflow_dispatch,37030286885,1,110916815766,https://github.com/vllm-project/vllm-ascend/actions/runs/37030286885/job/110916815766,,,,,,,,Skipped: benchmark was not run
2026-10-03T01:35:07+08:00,737.068,failure,4ebb3090fc3c13c26557dcaae353882e70246649,workflow_dispatch,37029162302,1,110952969576,https://github.com/vllm-project/vllm-ascend/actions/runs/37029162302/job/110952969576,linux-aarch64-a2b3-4-69nsc-runner-5bztb,180,180,0,366316.2743 ms,270000,1163,
2026-10-04T00:50:19+08:00,177.5466,failure,4ebb3090fc3c13c26557dcaae353882e70246649,workflow_dispatch,37129575273,1,111247072388,https://github.com/vllm-project/vllm-ascend/actions/runs/37129575273/job/111247072388,linux-aarch64-a2b3-4-69nsc-runner-w6htz,180,180,0,1520727.7521 ms,270000,22728,
2026-10-04T15:06:51+08:00,764.2628,failure,f6992d8c4657d02ae75b7d4b92bf450f9f3dbeba,workflow_dispatch,37179121001,1,111383999096,https://github.com/vllm-project/vllm-ascend/actions/runs/37179121001/job/111383999096,linux-aarch64-a2b3-4-69nsc-runner-b97hs,180,180,0,353281.605 ms,270000,1174,
2026-10-05T00:37:50+08:00,762.2176,failure,7df96048756856e4d30f29618129e9942ba6985c,workflow_dispatch,37214166426,1,111480582426,https://github.com/vllm-project/vllm-ascend/actions/runs/37214166426/job/111480582426,linux-aarch64-a2b3-4-69nsc-runner-qgb5z,180,180,0,354229.5608 ms,270000,1176,
2026-10-05T13:16:02+08:00,764.2751,failure,7df96048756856e4d30f29618129e9942ba6985c,workflow_dispatch,37214166426,2,111625406144,https://github.com/vllm-project/vllm-ascend/actions/runs/37214166426/job/111625406144,linux-aarch64-a2b3-4-69nsc-runner-56tln,180,180,0,353275.9525 ms,270000,1165,
2026-10-06T12:48:58+08:00,763.879,failure,4e19cc765510abfa1dd485b2aa72ff83d0945cf8,workflow_dispatch,37335331287,3,112112680131,https://github.com/vllm-project/vllm-ascend/actions/runs/37335331287/job/112112680131,linux-aarch64-a2b3-4-69nsc-runner-h75vm,180,180,0,353459.1052 ms,270000,1175,
2026-10-06T22:28:39+08:00,,skipped,178e4d2fdb4e0302279db86b190b73808293eb97,workflow_dispatch,37468409449,1,112322850709,https://github.com/vllm-project/vllm-ascend/actions/runs/37468409449/job/112322850709,,,,,,,,Skipped: benchmark was not run
2026-10-07T01:31:15+08:00,762.0028,failure,437c06e1cf31228d51fcb1e2f3ac9e5f6c4074fe,workflow_dispatch,37490119275,1,112407946056,https://github.com/vllm-project/vllm-ascend/actions/runs/37490119275/job/112407946056,linux-aarch64-a2b3-4-69nsc-runner-l9ls4,180,180,0,354329.3872 ms,270000,1164,
2026-10-07T10:16:15+08:00,760.1381,failure,ec570818bc428da1e3dc1820434cbadf2d5cf300,workflow_dispatch,37560774961,1,112598434147,https://github.com/vllm-project/vllm-ascend/actions/runs/37560774961/job/112598434147,linux-aarch64-a2b3-4-69nsc-runner-5vzsn,180,180,0,355198.5974 ms,270000,22382,
2026-10-07T10:58:39+08:00,,skipped,ec570818bc428da1e3dc1820434cbadf2d5cf300,workflow_dispatch,37564205558,1,112609196614,https://github.com/vllm-project/vllm-ascend/actions/runs/37564205558/job/112609196614,,,,,,,,Skipped: benchmark was not run
2026-10-08T01:42:48+08:00,762.8288,failure,0e181fc85fff24db10e5f92f10319c1913e6e9c5,workflow_dispatch,37646474685,2,112928617929,https://github.com/vllm-project/vllm-ascend/actions/runs/37646474685/job/112928617929,linux-aarch64-a2b3-4-69nsc-runner-6lbcj,180,180,0,353945.7511 ms,270000,1177,
2026-10-08T13:05:34+08:00,,skipped,e187b073b7640d3bd6fcab8a5a3be65af33b3ec7,workflow_dispatch,37720678582,1,113158729908,https://github.com/vllm-project/vllm-ascend/actions/runs/37720678582/job/113158729908,,,,,,,,Skipped: benchmark was not run
2026-10-08T15:09:16+08:00,765.6941,failure,ac850b5efdcbdbf53d05ac134390b7fdff0bd72e,workflow_dispatch,37717487442,1,113182291062,https://github.com/vllm-project/vllm-ascend/actions/runs/37717487442/job/113182291062,linux-aarch64-a2b3-4-69nsc-runner-gvxn8,180,180,0,352621.2421 ms,270000,22567,
2026-10-08T16:16:02+08:00,,skipped,f4e789f8efaf411b447e697a999ed9d8cbacfc42,workflow_dispatch,37748018156,1,113216316822,https://github.com/vllm-project/vllm-ascend/actions/runs/37748018156/job/113216316822,,,,,,,,Skipped: benchmark was not run
2026-10-08T17:56:48+08:00,802.7341,success,cb9d5563aa79e2feb9a4d0319f3a2b5808566d6a,workflow_dispatch,37756272166,1,113252531808,https://github.com/vllm-project/vllm-ascend/actions/runs/37756272166/job/113252531808,linux-aarch64-a2b3-4-69nsc-runner-4dqlj,180,180,0,336350.468 ms,270000,22546,
